{
    "BACILLUS": {
        "dataset": "BACILLUS",
        "loss": 1.0788911180709726,
        "accuracy": 0.5318546484190656,
        "f1": 0.5318546295166016,
        "auroc": 0.5805811882019043,
        "auprc": 0.5807605981826782,
        "precision": 0.5318546295166016,
        "recall": 0.5318546295166016,
        "confusion_matrix": [
            [
                935,
                120
            ],
            [
                872,
                192
            ]
        ]
    },
    "CLOSTRIDIUM": {
        "dataset": "CLOSTRIDIUM",
        "loss": 0.9712536246389956,
        "accuracy": 0.5888324873096447,
        "f1": 0.5888324975967407,
        "auroc": 0.6305802464485168,
        "auprc": 0.6817097663879395,
        "precision": 0.5888324975967407,
        "recall": 0.5888324975967407,
        "confusion_matrix": [
            [
                1000,
                177
            ],
            [
                795,
                392
            ]
        ]
    },
    "MYCOBACTER": {
        "dataset": "MYCOBACTER",
        "loss": 0.2877405935609008,
        "accuracy": 0.8952677459526774,
        "f1": 0.8952677249908447,
        "auroc": 0.9414753317832947,
        "auprc": 0.9545947909355164,
        "precision": 0.8952677249908447,
        "recall": 0.8952677249908447,
        "confusion_matrix": [
            [
                3772,
                204
            ],
            [
                637,
                3417
            ]
        ]
    },
    "RHODOBACTER_1": {
        "dataset": "RHODOBACTER_1",
        "loss": 1.0068189567489567,
        "accuracy": 0.59708829646436,
        "f1": 0.5970882773399353,
        "auroc": 0.6597297191619873,
        "auprc": 0.7025827169418335,
        "precision": 0.5970882773399353,
        "recall": 0.5970882773399353,
        "confusion_matrix": [
            [
                4922,
                282
            ],
            [
                3980,
                1394
            ]
        ]
    },
    "RHODOBACTER_2": {
        "dataset": "RHODOBACTER_2",
        "loss": 0.9423865929664857,
        "accuracy": 0.6183896495415149,
        "f1": 0.6183896660804749,
        "auroc": 0.6903289556503296,
        "auprc": 0.7372990846633911,
        "precision": 0.6183896660804749,
        "recall": 0.6183896660804749,
        "confusion_matrix": [
            [
                3730,
                186
            ],
            [
                2852,
                1193
            ]
        ]
    }
}