{
    "train_loss": [
        0.7464465097580191,
        0.2827451966691458,
        0.23814853186645935,
        0.1938966352877154,
        0.32399867003200966,
        0.25669281248961834,
        0.1946202366281364,
        0.17392881348935776,
        0.1537689970941132,
        0.1457968935462286,
        0.13776589623539032,
        0.13572667310665862,
        0.12859307115865967,
        0.14908912640139577,
        0.13580750822102527,
        0.122801280576156,
        0.11995176185720323,
        0.11314060936218417,
        0.11457922369333555,
        0.11783645811199407,
        0.10957442155719171,
        0.10468708552730102,
        0.10400171311018279,
        0.10093465365630178,
        0.09348132301736135,
        0.09299100534229873,
        0.08661630446053983,
        0.08408624121491641,
        0.08037183474525465,
        0.08068339303078471,
        0.07451800772997741,
        0.07385274703013144,
        0.07168152404573096
    ],
    "val_loss": [
        0.42059137938766306,
        0.2128670009177759,
        0.2288471405659247,
        0.1862367545382692,
        0.19512111898682533,
        0.21849745402642345,
        0.1835565800787112,
        0.1722785531107439,
        0.1331916130874135,
        0.15223193503574495,
        0.1647970287488141,
        0.12595364724824187,
        0.12605538232884275,
        0.13195820699591154,
        0.13048968956284568,
        0.12645563667793885,
        0.12574082674509887,
        0.12463904083321947,
        0.13632410217862612,
        0.13343530298646436,
        0.12696840812306887,
        0.12093216095358954,
        0.16611205554063166,
        0.13157655332886845,
        0.1290333573492842,
        0.12966804647254287,
        0.13469609795907223,
        0.1414118439916077,
        0.13875701832115103,
        0.13821666038364444,
        0.1409394744476047,
        0.13765072706369086,
        0.13811154960902458
    ],
    "train_acc": [
        0.6526820569666008,
        0.768470769675647,
        0.8092679165260976,
        0.8191961058364259,
        0.7654585763169309,
        0.775579546002217,
        0.8006650922936045,
        0.8236782495541953,
        0.8409079955660513,
        0.8455106270181696,
        0.8542339389850113,
        0.8576557906405128,
        0.8603788134367921,
        0.8514868186418623,
        0.8630777386862017,
        0.8757771458865488,
        0.8788616318858741,
        0.8836088486192105,
        0.8825726541038122,
        0.8826208491975517,
        0.8821148007132874,
        0.8916574292737,
        0.899465034459492,
        0.9015856185840282,
        0.904886982505181,
        0.9070798592703263,
        0.9127668803315823,
        0.9147910742686395,
        0.9163815123620416,
        0.9202612174080679,
        0.9238999469853969,
        0.9255144826256687,
        0.9259241409224541
    ],
    "val_acc": [
        0.6905725853094274,
        0.8033545401966454,
        0.7901966454598034,
        0.8332851359167148,
        0.7852805089647195,
        0.7916425679583574,
        0.8160786581839213,
        0.834731058415269,
        0.8399363794100636,
        0.8491902834008097,
        0.8546847888953152,
        0.8543956043956044,
        0.8578658183921342,
        0.854251012145749,
        0.8539618276460381,
        0.8632157316367842,
        0.8624927703875073,
        0.8658183921341817,
        0.8626373626373627,
        0.8617698091382302,
        0.8630711393869288,
        0.8642278773857721,
        0.8650954308849046,
        0.8604684788895315,
        0.8629265471370735,
        0.8575766338924233,
        0.8619144013880856,
        0.8619144013880856,
        0.862058993637941,
        0.8624927703875073,
        0.8598901098901099,
        0.8614806246385194,
        0.8616252168883748
    ],
    "val_f1": [
        0.7459035515785217,
        0.813186764717102,
        0.7914330363273621,
        0.8358251452445984,
        0.7664726972579956,
        0.8016517758369446,
        0.8092954158782959,
        0.8259478807449341,
        0.8348007798194885,
        0.8431342840194702,
        0.8539881110191345,
        0.8542059063911438,
        0.8508119583129883,
        0.8547550439834595,
        0.8516014814376831,
        0.8601418733596802,
        0.8615115880966187,
        0.8642083406448364,
        0.8629149198532104,
        0.8617298007011414,
        0.8626939058303833,
        0.8642475008964539,
        0.864251434803009,
        0.8634884357452393,
        0.8633612394332886,
        0.8598263263702393,
        0.8621336817741394,
        0.8618544936180115,
        0.8626943230628967,
        0.8632245063781738,
        0.8609955310821533,
        0.8622376322746277,
        0.8627563714981079
    ],
    "best_threshold": 0.5400000000000003
}