{
    "train_loss": [
        0.5708402610353885,
        0.2748250713351593,
        0.1907364968677789,
        0.16177203500222775,
        0.15458774503894604,
        0.14362186551307693,
        0.134804379742419,
        0.12622699670253262,
        0.12188270897687976,
        0.11726647417484966,
        0.11107914225201666,
        0.10760495107701068,
        0.10534356520127332,
        0.09771975531079222,
        0.09344968367968837,
        0.08763873402703566,
        0.0842438501883365,
        0.08122988956509739,
        0.06053110819450149,
        0.052390144437953735,
        0.047206131360446865,
        0.043684293376407037,
        0.04121720350028673,
        0.03069740942179469,
        0.0238734543251331,
        0.020041653381449448,
        0.020429654412157928,
        0.014444619481709258,
        0.01118865385265102
    ],
    "val_loss": [
        0.2679400637104947,
        0.21881090681399068,
        0.1611129461276916,
        0.1544757813455597,
        0.14971045388649867,
        0.16043465540453952,
        0.14690864266407105,
        0.146927740585099,
        0.13879916152005556,
        0.14350780027527962,
        0.1367757920456189,
        0.14016712300719752,
        0.15132078047721617,
        0.13741307681606663,
        0.1419220477823288,
        0.14033375119650235,
        0.1504079785638599,
        0.1441764022794462,
        0.14868627047987396,
        0.17363735056051643,
        0.19866234570821767,
        0.1707680667600324,
        0.1765220100360532,
        0.1796561390241628,
        0.18936293868608373,
        0.19794508181912926,
        0.2070773521898895,
        0.2166237604393754,
        0.21244174963043583
    ],
    "train_acc": [
        0.7174949517612744,
        0.8226105003365493,
        0.8606125196320394,
        0.8752243661655822,
        0.8761218308279112,
        0.8877327798967916,
        0.8915470047116895,
        0.8985304016154364,
        0.8995680951312542,
        0.9045602423154588,
        0.9095523894996634,
        0.9126093785057213,
        0.9152737267220104,
        0.9214718420462195,
        0.9238557325555307,
        0.930530625981602,
        0.932690150325331,
        0.9354386358537132,
        0.9515929997756338,
        0.9584361678258918,
        0.9627552165133498,
        0.965896342831501,
        0.9686167825891856,
        0.9772268341934036,
        0.9818263405878394,
        0.9848272380525017,
        0.9845187345748261,
        0.9897632936953108,
        0.9921191384339242
    ],
    "val_acc": [
        0.7107521453811206,
        0.8601716304896517,
        0.878344270570419,
        0.8791855965000841,
        0.8865892646811375,
        0.8739693757361602,
        0.8886084469123339,
        0.8771664142688878,
        0.8844018172640081,
        0.8941611980481239,
        0.8916372202591284,
        0.8906276291435302,
        0.8875988557967357,
        0.8978630321386505,
        0.8882719165404678,
        0.8877671209826686,
        0.8983678276964496,
        0.8907958943294633,
        0.8987043580683156,
        0.8992091536261148,
        0.8965169106511862,
        0.8939929328621908,
        0.8946659936059229,
        0.8832239609624769,
        0.8869257950530035,
        0.889954568399798,
        0.8822143698468787,
        0.8845700824499411,
        0.8923102810028605
    ],
    "val_f1": [
        0.7235000729560852,
        0.83174729347229,
        0.8474361896514893,
        0.8502294421195984,
        0.8586409687995911,
        0.8472986817359924,
        0.8591489791870117,
        0.8511418700218201,
        0.862846851348877,
        0.8663124442100525,
        0.8662235140800476,
        0.865924060344696,
        0.8595458269119263,
        0.8722911477088928,
        0.8636550307273865,
        0.8644583821296692,
        0.8696590662002563,
        0.8675239682197571,
        0.8737945556640625,
        0.8719812035560608,
        0.8674283027648926,
        0.8675914406776428,
        0.868321418762207,
        0.8604183793067932,
        0.8634146451950073,
        0.8622577786445618,
        0.8573175668716431,
        0.8583815097808838,
        0.8673849701881409
    ],
    "val_auroc": [
        0.9006073474884033,
        0.9267247915267944,
        0.9389259815216064,
        0.9419623613357544,
        0.9456311464309692,
        0.9427114129066467,
        0.946610689163208,
        0.944966197013855,
        0.9500325918197632,
        0.9484161734580994,
        0.9503567218780518,
        0.9489147663116455,
        0.947632372379303,
        0.9521329402923584,
        0.9498783349990845,
        0.9518148899078369,
        0.9520187377929688,
        0.9515385627746582,
        0.9531800746917725,
        0.9516239166259766,
        0.9489992260932922,
        0.9503415822982788,
        0.949915885925293,
        0.9504666328430176,
        0.9504169821739197,
        0.9480036497116089,
        0.9478954076766968,
        0.9483499526977539,
        0.9508202075958252
    ],
    "best_threshold": 0.2
}